plate,row,col,droplets_print,layer_label,color,well_name,alpha,display_color,marker_size,hover
1,4,15,10,"Unit 21, Unit 22",#f59e0b,D15,0.41500000000000004,"rgba(245,158,11,0.415)",16.5,"Final site D15<br>Row 3, Column 14<br>Merged droplets: 10<br>Units/layers: Unit 21, Unit 22"
1,4,16,15,"Unit 21, Unit 22, Unit 23",#0d9488,D16,0.5125,"rgba(13,148,136,0.512)",17.28660704987056,"Final site D16<br>Row 3, Column 15<br>Merged droplets: 15<br>Units/layers: Unit 21, Unit 22, Unit 23"
1,4,17,15,"Unit 22, Unit 23, Unit 24",#f59e0b,D17,0.5125,"rgba(245,158,11,0.512)",17.28660704987056,"Final site D17<br>Row 3, Column 16<br>Merged droplets: 15<br>Units/layers: Unit 22, Unit 23, Unit 24"
1,4,18,10,"Unit 23, Unit 24",#f59e0b,D18,0.41500000000000004,"rgba(245,158,11,0.415)",16.5,"Final site D18<br>Row 3, Column 17<br>Merged droplets: 10<br>Units/layers: Unit 23, Unit 24"
1,5,14,20,"Unit 19, Unit 20, Unit 21, Unit 22",#f59e0b,E14,0.61,"rgba(245,158,11,0.610)",17.949747468305834,"Final site E14<br>Row 4, Column 13<br>Merged droplets: 20<br>Units/layers: Unit 19, Unit 20, Unit 21, Unit 22"
1,5,15,25,"Unit 19, Unit 20, Unit 21, Unit 22, Unit 23",#0d9488,E15,0.7075,"rgba(13,148,136,0.708)",18.533985905294664,"Final site E15<br>Row 4, Column 14<br>Merged droplets: 25<br>Units/layers: Unit 19, Unit 20, Unit 21, Unit 22, Unit 23"
1,5,16,30,"Unit 20, Unit 21, Unit 22, Unit 23, Unit 24, Unit 25",#0d9488,E16,0.8049999999999999,"rgba(13,148,136,0.805)",19.06217782649107,"Final site E16<br>Row 4, Column 15<br>Merged droplets: 30<br>Units/layers: Unit 20, Unit 21, Unit 22, Unit 23, Unit 24, Unit 25"
1,5,17,35,"Unit 20, Unit 21, Unit 22, Unit 23, Unit 24, Unit 25, Unit 26",#f59e0b,E17,0.9025,"rgba(245,158,11,0.902)",19.547900426854397,"Final site E17<br>Row 4, Column 16<br>Merged droplets: 35<br>Units/layers: Unit 20, Unit 21, Unit 22, Unit 23, Unit 24, Unit 25, Unit 26"
1,5,18,25,"Unit 22, Unit 23, Unit 24, Unit 25, Unit 26",#f59e0b,E18,0.7075,"rgba(245,158,11,0.708)",18.533985905294664,"Final site E18<br>Row 4, Column 17<br>Merged droplets: 25<br>Units/layers: Unit 22, Unit 23, Unit 24, Unit 25, Unit 26"
1,5,19,25,"Unit 23, Unit 24, Unit 25, Unit 26, Unit 27",#0d9488,E19,0.7075,"rgba(13,148,136,0.708)",18.533985905294664,"Final site E19<br>Row 4, Column 18<br>Merged droplets: 25<br>Units/layers: Unit 23, Unit 24, Unit 25, Unit 26, Unit 27"
1,5,20,10,"Unit 25, Unit 26",#f59e0b,E20,0.41500000000000004,"rgba(245,158,11,0.415)",16.5,"Final site E20<br>Row 4, Column 19<br>Merged droplets: 10<br>Units/layers: Unit 25, Unit 26"
1,6,12,5,Unit 18,#f59e0b,F12,0.3175,"rgba(245,158,11,0.318)",15.474873734152917,"Final site F12<br>Row 5, Column 11<br>Merged droplets: 5<br>Units/layers: Unit 18"
1,6,13,20,"Unit 17, Unit 18, Unit 19, Unit 20",#f59e0b,F13,0.61,"rgba(245,158,11,0.610)",17.949747468305834,"Final site F13<br>Row 5, Column 12<br>Merged droplets: 20<br>Units/layers: Unit 17, Unit 18, Unit 19, Unit 20"
1,6,14,25,"Unit 17, Unit 18, Unit 19, Unit 20, Unit 21",#0d9488,F14,0.7075,"rgba(13,148,136,0.708)",18.533985905294664,"Final site F14<br>Row 5, Column 13<br>Merged droplets: 25<br>Units/layers: Unit 17, Unit 18, Unit 19, Unit 20, Unit 21"
1,6,15,30,"Unit 18, Unit 19, Unit 20, Unit 21, Unit 22, Unit 23",#0d9488,F15,0.8049999999999999,"rgba(13,148,136,0.805)",19.06217782649107,"Final site F15<br>Row 5, Column 14<br>Merged droplets: 30<br>Units/layers: Unit 18, Unit 19, Unit 20, Unit 21, Unit 22, Unit 23"
1,6,16,35,"Unit 19, Unit 20, Unit 21, Unit 22, Unit 23, Unit 24, Unit 25",#0d9488,F16,0.9025,"rgba(13,148,136,0.902)",19.547900426854397,"Final site F16<br>Row 5, Column 15<br>Merged droplets: 35<br>Units/layers: Unit 19, Unit 20, Unit 21, Unit 22, Unit 23, Unit 24, Unit 25"
1,6,17,40,"Unit 20, Unit 21, Unit 22, Unit 23, Unit 24, Unit 25, Unit 26, Unit 27",#0d9488,F17,1.0,"rgba(13,148,136,1.000)",20.0,"Final site F17<br>Row 5, Column 16<br>Merged droplets: 40<br>Units/layers: Unit 20, Unit 21, Unit 22, Unit 23, Unit 24, Unit 25, Unit 26, Unit 27"
1,6,18,30,"Unit 22, Unit 23, Unit 24, Unit 25, Unit 26, Unit 27",#0d9488,F18,0.8049999999999999,"rgba(13,148,136,0.805)",19.06217782649107,"Final site F18<br>Row 5, Column 17<br>Merged droplets: 30<br>Units/layers: Unit 22, Unit 23, Unit 24, Unit 25, Unit 26, Unit 27"
1,6,19,30,"Unit 23, Unit 24, Unit 25, Unit 26, Unit 27, Unit 28",#f59e0b,F19,0.8049999999999999,"rgba(245,158,11,0.805)",19.06217782649107,"Final site F19<br>Row 5, Column 18<br>Merged droplets: 30<br>Units/layers: Unit 23, Unit 24, Unit 25, Unit 26, Unit 27, Unit 28"
1,6,20,20,"Unit 25, Unit 26, Unit 27, Unit 28",#f59e0b,F20,0.61,"rgba(245,158,11,0.610)",17.949747468305834,"Final site F20<br>Row 5, Column 19<br>Merged droplets: 20<br>Units/layers: Unit 25, Unit 26, Unit 27, Unit 28"
1,6,21,10,"Unit 27, Unit 28",#f59e0b,F21,0.41500000000000004,"rgba(245,158,11,0.415)",16.5,"Final site F21<br>Row 5, Column 20<br>Merged droplets: 10<br>Units/layers: Unit 27, Unit 28"
1,7,4,5,Unit 01,#0d9488,G4,0.3175,"rgba(13,148,136,0.318)",15.474873734152917,"Final site G4<br>Row 6, Column 3<br>Merged droplets: 5<br>Units/layers: Unit 01"
1,7,12,15,"Unit 16, Unit 17, Unit 18",#f59e0b,G12,0.5125,"rgba(245,158,11,0.512)",17.28660704987056,"Final site G12<br>Row 6, Column 11<br>Merged droplets: 15<br>Units/layers: Unit 16, Unit 17, Unit 18"
1,7,13,20,"Unit 16, Unit 17, Unit 18, Unit 19",#0d9488,G13,0.61,"rgba(13,148,136,0.610)",17.949747468305834,"Final site G13<br>Row 6, Column 12<br>Merged droplets: 20<br>Units/layers: Unit 16, Unit 17, Unit 18, Unit 19"
1,7,14,25,"Unit 16, Unit 17, Unit 18, Unit 19, Unit 20",#f59e0b,G14,0.7075,"rgba(245,158,11,0.708)",18.533985905294664,"Final site G14<br>Row 6, Column 13<br>Merged droplets: 25<br>Units/layers: Unit 16, Unit 17, Unit 18, Unit 19, Unit 20"
1,7,15,25,"Unit 17, Unit 18, Unit 19, Unit 20, Unit 21",#0d9488,G15,0.7075,"rgba(13,148,136,0.708)",18.533985905294664,"Final site G15<br>Row 6, Column 14<br>Merged droplets: 25<br>Units/layers: Unit 17, Unit 18, Unit 19, Unit 20, Unit 21"
1,7,16,20,"Unit 18, Unit 19, Unit 20, Unit 21",#0d9488,G16,0.61,"rgba(13,148,136,0.610)",17.949747468305834,"Final site G16<br>Row 6, Column 15<br>Merged droplets: 20<br>Units/layers: Unit 18, Unit 19, Unit 20, Unit 21"
1,7,17,15,"Unit 25, Unit 26, Unit 27",#0d9488,G17,0.5125,"rgba(13,148,136,0.512)",17.28660704987056,"Final site G17<br>Row 6, Column 16<br>Merged droplets: 15<br>Units/layers: Unit 25, Unit 26, Unit 27"
1,7,18,20,"Unit 25, Unit 26, Unit 27, Unit 28",#f59e0b,G18,0.61,"rgba(245,158,11,0.610)",17.949747468305834,"Final site G18<br>Row 6, Column 17<br>Merged droplets: 20<br>Units/layers: Unit 25, Unit 26, Unit 27, Unit 28"
1,7,19,25,"Unit 25, Unit 26, Unit 27, Unit 28, Unit 29",#0d9488,G19,0.7075,"rgba(13,148,136,0.708)",18.533985905294664,"Final site G19<br>Row 6, Column 18<br>Merged droplets: 25<br>Units/layers: Unit 25, Unit 26, Unit 27, Unit 28, Unit 29"
1,7,20,20,"Unit 26, Unit 27, Unit 28, Unit 29",#0d9488,G20,0.61,"rgba(13,148,136,0.610)",17.949747468305834,"Final site G20<br>Row 6, Column 19<br>Merged droplets: 20<br>Units/layers: Unit 26, Unit 27, Unit 28, Unit 29"
1,7,21,20,"Unit 27, Unit 28, Unit 29, Unit 30",#f59e0b,G21,0.61,"rgba(245,158,11,0.610)",17.949747468305834,"Final site G21<br>Row 6, Column 20<br>Merged droplets: 20<br>Units/layers: Unit 27, Unit 28, Unit 29, Unit 30"
1,7,22,10,"Unit 28, Unit 29",#0d9488,G22,0.41500000000000004,"rgba(13,148,136,0.415)",16.5,"Final site G22<br>Row 6, Column 21<br>Merged droplets: 10<br>Units/layers: Unit 28, Unit 29"
1,8,2,5,Unit 01,#0d9488,H2,0.3175,"rgba(13,148,136,0.318)",15.474873734152917,"Final site H2<br>Row 7, Column 1<br>Merged droplets: 5<br>Units/layers: Unit 01"
1,8,3,5,Unit 01,#0d9488,H3,0.3175,"rgba(13,148,136,0.318)",15.474873734152917,"Final site H3<br>Row 7, Column 2<br>Merged droplets: 5<br>Units/layers: Unit 01"
1,8,4,10,"Unit 01, Unit 02",#f59e0b,H4,0.41500000000000004,"rgba(245,158,11,0.415)",16.5,"Final site H4<br>Row 7, Column 3<br>Merged droplets: 10<br>Units/layers: Unit 01, Unit 02"
1,8,5,10,"Unit 01, Unit 02",#f59e0b,H5,0.41500000000000004,"rgba(245,158,11,0.415)",16.5,"Final site H5<br>Row 7, Column 4<br>Merged droplets: 10<br>Units/layers: Unit 01, Unit 02"
1,8,6,10,"Unit 01, Unit 02",#f59e0b,H6,0.41500000000000004,"rgba(245,158,11,0.415)",16.5,"Final site H6<br>Row 7, Column 5<br>Merged droplets: 10<br>Units/layers: Unit 01, Unit 02"
1,8,11,15,"Unit 14, Unit 15, Unit 16",#f59e0b,H11,0.5125,"rgba(245,158,11,0.512)",17.28660704987056,"Final site H11<br>Row 7, Column 10<br>Merged droplets: 15<br>Units/layers: Unit 14, Unit 15, Unit 16"
1,8,12,20,"Unit 14, Unit 15, Unit 16, Unit 17",#0d9488,H12,0.61,"rgba(13,148,136,0.610)",17.949747468305834,"Final site H12<br>Row 7, Column 11<br>Merged droplets: 20<br>Units/layers: Unit 14, Unit 15, Unit 16, Unit 17"
1,8,13,20,"Unit 15, Unit 16, Unit 17, Unit 18",#f59e0b,H13,0.61,"rgba(245,158,11,0.610)",17.949747468305834,"Final site H13<br>Row 7, Column 12<br>Merged droplets: 20<br>Units/layers: Unit 15, Unit 16, Unit 17, Unit 18"
1,8,14,20,"Unit 15, Unit 16, Unit 17, Unit 18",#f59e0b,H14,0.61,"rgba(245,158,11,0.610)",17.949747468305834,"Final site H14<br>Row 7, Column 13<br>Merged droplets: 20<br>Units/layers: Unit 15, Unit 16, Unit 17, Unit 18"
1,8,15,15,"Unit 16, Unit 17, Unit 18",#f59e0b,H15,0.5125,"rgba(245,158,11,0.512)",17.28660704987056,"Final site H15<br>Row 7, Column 14<br>Merged droplets: 15<br>Units/layers: Unit 16, Unit 17, Unit 18"
1,8,18,10,"Unit 28, Unit 29",#0d9488,H18,0.41500000000000004,"rgba(13,148,136,0.415)",16.5,"Final site H18<br>Row 7, Column 17<br>Merged droplets: 10<br>Units/layers: Unit 28, Unit 29"
1,8,19,20,"Unit 27, Unit 28, Unit 29, Unit 30",#f59e0b,H19,0.61,"rgba(245,158,11,0.610)",17.949747468305834,"Final site H19<br>Row 7, Column 18<br>Merged droplets: 20<br>Units/layers: Unit 27, Unit 28, Unit 29, Unit 30"
1,8,20,20,"Unit 27, Unit 28, Unit 29, Unit 30",#f59e0b,H20,0.61,"rgba(245,158,11,0.610)",17.949747468305834,"Final site H20<br>Row 7, Column 19<br>Merged droplets: 20<br>Units/layers: Unit 27, Unit 28, Unit 29, Unit 30"
1,8,21,15,"Unit 28, Unit 29, Unit 30",#f59e0b,H21,0.5125,"rgba(245,158,11,0.512)",17.28660704987056,"Final site H21<br>Row 7, Column 20<br>Merged droplets: 15<br>Units/layers: Unit 28, Unit 29, Unit 30"
1,8,22,10,"Unit 29, Unit 30",#f59e0b,H22,0.41500000000000004,"rgba(245,158,11,0.415)",16.5,"Final site H22<br>Row 7, Column 21<br>Merged droplets: 10<br>Units/layers: Unit 29, Unit 30"
1,8,23,5,Unit 30,#f59e0b,H23,0.3175,"rgba(245,158,11,0.318)",15.474873734152917,"Final site H23<br>Row 7, Column 22<br>Merged droplets: 5<br>Units/layers: Unit 30"
1,9,2,5,Unit 01,#0d9488,I2,0.3175,"rgba(13,148,136,0.318)",15.474873734152917,"Final site I2<br>Row 8, Column 1<br>Merged droplets: 5<br>Units/layers: Unit 01"
1,9,3,10,"Unit 01, Unit 02",#f59e0b,I3,0.41500000000000004,"rgba(245,158,11,0.415)",16.5,"Final site I3<br>Row 8, Column 2<br>Merged droplets: 10<br>Units/layers: Unit 01, Unit 02"
1,9,4,15,"Unit 01, Unit 02, Unit 03",#0d9488,I4,0.5125,"rgba(13,148,136,0.512)",17.28660704987056,"Final site I4<br>Row 8, Column 3<br>Merged droplets: 15<br>Units/layers: Unit 01, Unit 02, Unit 03"
1,9,5,20,"Unit 01, Unit 02, Unit 03, Unit 04",#f59e0b,I5,0.61,"rgba(245,158,11,0.610)",17.949747468305834,"Final site I5<br>Row 8, Column 4<br>Merged droplets: 20<br>Units/layers: Unit 01, Unit 02, Unit 03, Unit 04"
1,9,6,20,"Unit 01, Unit 02, Unit 03, Unit 04",#f59e0b,I6,0.61,"rgba(245,158,11,0.610)",17.949747468305834,"Final site I6<br>Row 8, Column 5<br>Merged droplets: 20<br>Units/layers: Unit 01, Unit 02, Unit 03, Unit 04"
1,9,7,10,"Unit 02, Unit 03",#0d9488,I7,0.41500000000000004,"rgba(13,148,136,0.415)",16.5,"Final site I7<br>Row 8, Column 6<br>Merged droplets: 10<br>Units/layers: Unit 02, Unit 03"
1,9,10,15,"Unit 13, Unit 14, Unit 15",#0d9488,I10,0.5125,"rgba(13,148,136,0.512)",17.28660704987056,"Final site I10<br>Row 8, Column 9<br>Merged droplets: 15<br>Units/layers: Unit 13, Unit 14, Unit 15"
1,9,11,20,"Unit 13, Unit 14, Unit 15, Unit 16",#f59e0b,I11,0.61,"rgba(245,158,11,0.610)",17.949747468305834,"Final site I11<br>Row 8, Column 10<br>Merged droplets: 20<br>Units/layers: Unit 13, Unit 14, Unit 15, Unit 16"
1,9,12,20,"Unit 13, Unit 14, Unit 15, Unit 16",#f59e0b,I12,0.61,"rgba(245,158,11,0.610)",17.949747468305834,"Final site I12<br>Row 8, Column 11<br>Merged droplets: 20<br>Units/layers: Unit 13, Unit 14, Unit 15, Unit 16"
1,9,13,20,"Unit 14, Unit 15, Unit 16, Unit 17",#0d9488,I13,0.61,"rgba(13,148,136,0.610)",17.949747468305834,"Final site I13<br>Row 8, Column 12<br>Merged droplets: 20<br>Units/layers: Unit 14, Unit 15, Unit 16, Unit 17"
1,9,14,15,"Unit 15, Unit 16, Unit 17",#0d9488,I14,0.5125,"rgba(13,148,136,0.512)",17.28660704987056,"Final site I14<br>Row 8, Column 13<br>Merged droplets: 15<br>Units/layers: Unit 15, Unit 16, Unit 17"
1,9,19,10,"Unit 29, Unit 30",#f59e0b,I19,0.41500000000000004,"rgba(245,158,11,0.415)",16.5,"Final site I19<br>Row 8, Column 18<br>Merged droplets: 10<br>Units/layers: Unit 29, Unit 30"
1,9,20,10,"Unit 29, Unit 30",#f59e0b,I20,0.41500000000000004,"rgba(245,158,11,0.415)",16.5,"Final site I20<br>Row 8, Column 19<br>Merged droplets: 10<br>Units/layers: Unit 29, Unit 30"
1,9,21,10,"Unit 29, Unit 30",#f59e0b,I21,0.41500000000000004,"rgba(245,158,11,0.415)",16.5,"Final site I21<br>Row 8, Column 20<br>Merged droplets: 10<br>Units/layers: Unit 29, Unit 30"
1,9,22,5,Unit 30,#f59e0b,I22,0.3175,"rgba(245,158,11,0.318)",15.474873734152917,"Final site I22<br>Row 8, Column 21<br>Merged droplets: 5<br>Units/layers: Unit 30"
1,9,23,5,Unit 30,#f59e0b,I23,0.3175,"rgba(245,158,11,0.318)",15.474873734152917,"Final site I23<br>Row 8, Column 22<br>Merged droplets: 5<br>Units/layers: Unit 30"
1,10,3,10,"Unit 02, Unit 03",#0d9488,J3,0.41500000000000004,"rgba(13,148,136,0.415)",16.5,"Final site J3<br>Row 9, Column 2<br>Merged droplets: 10<br>Units/layers: Unit 02, Unit 03"
1,10,4,20,"Unit 01, Unit 02, Unit 03, Unit 04",#f59e0b,J4,0.61,"rgba(245,158,11,0.610)",17.949747468305834,"Final site J4<br>Row 9, Column 3<br>Merged droplets: 20<br>Units/layers: Unit 01, Unit 02, Unit 03, Unit 04"
1,10,5,20,"Unit 02, Unit 03, Unit 04, Unit 05",#0d9488,J5,0.61,"rgba(13,148,136,0.610)",17.949747468305834,"Final site J5<br>Row 9, Column 4<br>Merged droplets: 20<br>Units/layers: Unit 02, Unit 03, Unit 04, Unit 05"
1,10,6,25,"Unit 02, Unit 03, Unit 04, Unit 05, Unit 06",#f59e0b,J6,0.7075,"rgba(245,158,11,0.708)",18.533985905294664,"Final site J6<br>Row 9, Column 5<br>Merged droplets: 25<br>Units/layers: Unit 02, Unit 03, Unit 04, Unit 05, Unit 06"
1,10,7,20,"Unit 03, Unit 04, Unit 05, Unit 06",#f59e0b,J7,0.61,"rgba(245,158,11,0.610)",17.949747468305834,"Final site J7<br>Row 9, Column 6<br>Merged droplets: 20<br>Units/layers: Unit 03, Unit 04, Unit 05, Unit 06"
1,10,8,15,"Unit 04, Unit 05, Unit 06",#f59e0b,J8,0.5125,"rgba(245,158,11,0.512)",17.28660704987056,"Final site J8<br>Row 9, Column 7<br>Merged droplets: 15<br>Units/layers: Unit 04, Unit 05, Unit 06"
1,10,9,20,"Unit 10, Unit 11, Unit 12, Unit 13",#0d9488,J9,0.61,"rgba(13,148,136,0.610)",17.949747468305834,"Final site J9<br>Row 9, Column 8<br>Merged droplets: 20<br>Units/layers: Unit 10, Unit 11, Unit 12, Unit 13"
1,10,10,25,"Unit 10, Unit 11, Unit 12, Unit 13, Unit 14",#f59e0b,J10,0.7075,"rgba(245,158,11,0.708)",18.533985905294664,"Final site J10<br>Row 9, Column 9<br>Merged droplets: 25<br>Units/layers: Unit 10, Unit 11, Unit 12, Unit 13, Unit 14"
1,10,11,25,"Unit 11, Unit 12, Unit 13, Unit 14, Unit 15",#0d9488,J11,0.7075,"rgba(13,148,136,0.708)",18.533985905294664,"Final site J11<br>Row 9, Column 10<br>Merged droplets: 25<br>Units/layers: Unit 11, Unit 12, Unit 13, Unit 14, Unit 15"
1,10,12,20,"Unit 12, Unit 13, Unit 14, Unit 15",#0d9488,J12,0.61,"rgba(13,148,136,0.610)",17.949747468305834,"Final site J12<br>Row 9, Column 11<br>Merged droplets: 20<br>Units/layers: Unit 12, Unit 13, Unit 14, Unit 15"
1,10,13,15,"Unit 13, Unit 14, Unit 15",#0d9488,J13,0.5125,"rgba(13,148,136,0.512)",17.28660704987056,"Final site J13<br>Row 9, Column 12<br>Merged droplets: 15<br>Units/layers: Unit 13, Unit 14, Unit 15"
1,10,21,5,Unit 30,#f59e0b,J21,0.3175,"rgba(245,158,11,0.318)",15.474873734152917,"Final site J21<br>Row 9, Column 20<br>Merged droplets: 5<br>Units/layers: Unit 30"
1,11,4,10,"Unit 03, Unit 04",#f59e0b,K4,0.41500000000000004,"rgba(245,158,11,0.415)",16.5,"Final site K4<br>Row 10, Column 3<br>Merged droplets: 10<br>Units/layers: Unit 03, Unit 04"
1,11,5,20,"Unit 03, Unit 04, Unit 05, Unit 06",#f59e0b,K5,0.61,"rgba(245,158,11,0.610)",17.949747468305834,"Final site K5<br>Row 10, Column 4<br>Merged droplets: 20<br>Units/layers: Unit 03, Unit 04, Unit 05, Unit 06"
1,11,6,30,"Unit 03, Unit 04, Unit 05, Unit 06, Unit 07, Unit 08",#f59e0b,K6,0.8049999999999999,"rgba(245,158,11,0.805)",19.06217782649107,"Final site K6<br>Row 10, Column 5<br>Merged droplets: 30<br>Units/layers: Unit 03, Unit 04, Unit 05, Unit 06, Unit 07, Unit 08"
1,11,7,30,"Unit 04, Unit 05, Unit 06, Unit 07, Unit 08, Unit 09",#0d9488,K7,0.8049999999999999,"rgba(13,148,136,0.805)",19.06217782649107,"Final site K7<br>Row 10, Column 6<br>Merged droplets: 30<br>Units/layers: Unit 04, Unit 05, Unit 06, Unit 07, Unit 08, Unit 09"
1,11,8,40,"Unit 04, Unit 05, Unit 06, Unit 07, Unit 08, Unit 09, Unit 10, Unit 11",#0d9488,K8,1.0,"rgba(13,148,136,1.000)",20.0,"Final site K8<br>Row 10, Column 7<br>Merged droplets: 40<br>Units/layers: Unit 04, Unit 05, Unit 06, Unit 07, Unit 08, Unit 09, Unit 10, Unit 11"
1,11,9,35,"Unit 06, Unit 07, Unit 08, Unit 09, Unit 10, Unit 11, Unit 12",#f59e0b,K9,0.9025,"rgba(245,158,11,0.902)",19.547900426854397,"Final site K9<br>Row 10, Column 8<br>Merged droplets: 35<br>Units/layers: Unit 06, Unit 07, Unit 08, Unit 09, Unit 10, Unit 11, Unit 12"
1,11,10,30,"Unit 08, Unit 09, Unit 10, Unit 11, Unit 12, Unit 13",#0d9488,K10,0.8049999999999999,"rgba(13,148,136,0.805)",19.06217782649107,"Final site K10<br>Row 10, Column 9<br>Merged droplets: 30<br>Units/layers: Unit 08, Unit 09, Unit 10, Unit 11, Unit 12, Unit 13"
1,11,11,25,"Unit 10, Unit 11, Unit 12, Unit 13, Unit 14",#f59e0b,K11,0.7075,"rgba(245,158,11,0.708)",18.533985905294664,"Final site K11<br>Row 10, Column 10<br>Merged droplets: 25<br>Units/layers: Unit 10, Unit 11, Unit 12, Unit 13, Unit 14"
1,11,12,20,"Unit 11, Unit 12, Unit 13, Unit 14",#f59e0b,K12,0.61,"rgba(245,158,11,0.610)",17.949747468305834,"Final site K12<br>Row 10, Column 11<br>Merged droplets: 20<br>Units/layers: Unit 11, Unit 12, Unit 13, Unit 14"
1,11,13,5,Unit 13,#0d9488,K13,0.3175,"rgba(13,148,136,0.318)",15.474873734152917,"Final site K13<br>Row 10, Column 12<br>Merged droplets: 5<br>Units/layers: Unit 13"
1,12,5,10,"Unit 05, Unit 06",#f59e0b,L5,0.41500000000000004,"rgba(245,158,11,0.415)",16.5,"Final site L5<br>Row 11, Column 4<br>Merged droplets: 10<br>Units/layers: Unit 05, Unit 06"
1,12,6,25,"Unit 04, Unit 05, Unit 06, Unit 07, Unit 08",#f59e0b,L6,0.7075,"rgba(245,158,11,0.708)",18.533985905294664,"Final site L6<br>Row 11, Column 5<br>Merged droplets: 25<br>Units/layers: Unit 04, Unit 05, Unit 06, Unit 07, Unit 08"
1,12,7,25,"Unit 05, Unit 06, Unit 07, Unit 08, Unit 09",#0d9488,L7,0.7075,"rgba(13,148,136,0.708)",18.533985905294664,"Final site L7<br>Row 11, Column 6<br>Merged droplets: 25<br>Units/layers: Unit 05, Unit 06, Unit 07, Unit 08, Unit 09"
1,12,8,35,"Unit 05, Unit 06, Unit 07, Unit 08, Unit 09, Unit 10, Unit 11",#0d9488,L8,0.9025,"rgba(13,148,136,0.902)",19.547900426854397,"Final site L8<br>Row 11, Column 7<br>Merged droplets: 35<br>Units/layers: Unit 05, Unit 06, Unit 07, Unit 08, Unit 09, Unit 10, Unit 11"
1,12,9,30,"Unit 06, Unit 07, Unit 08, Unit 09, Unit 10, Unit 11",#0d9488,L9,0.8049999999999999,"rgba(13,148,136,0.805)",19.06217782649107,"Final site L9<br>Row 11, Column 8<br>Merged droplets: 30<br>Units/layers: Unit 06, Unit 07, Unit 08, Unit 09, Unit 10, Unit 11"
1,12,10,25,"Unit 08, Unit 09, Unit 10, Unit 11, Unit 12",#f59e0b,L10,0.7075,"rgba(245,158,11,0.708)",18.533985905294664,"Final site L10<br>Row 11, Column 9<br>Merged droplets: 25<br>Units/layers: Unit 08, Unit 09, Unit 10, Unit 11, Unit 12"
1,12,11,20,"Unit 09, Unit 10, Unit 11, Unit 12",#f59e0b,L11,0.61,"rgba(245,158,11,0.610)",17.949747468305834,"Final site L11<br>Row 11, Column 10<br>Merged droplets: 20<br>Units/layers: Unit 09, Unit 10, Unit 11, Unit 12"
1,13,7,10,"Unit 07, Unit 08",#f59e0b,M7,0.41500000000000004,"rgba(245,158,11,0.415)",16.5,"Final site M7<br>Row 12, Column 6<br>Merged droplets: 10<br>Units/layers: Unit 07, Unit 08"
1,13,8,15,"Unit 07, Unit 08, Unit 09",#0d9488,M8,0.5125,"rgba(13,148,136,0.512)",17.28660704987056,"Final site M8<br>Row 12, Column 7<br>Merged droplets: 15<br>Units/layers: Unit 07, Unit 08, Unit 09"
1,13,9,15,"Unit 08, Unit 09, Unit 10",#f59e0b,M9,0.5125,"rgba(245,158,11,0.512)",17.28660704987056,"Final site M9<br>Row 12, Column 8<br>Merged droplets: 15<br>Units/layers: Unit 08, Unit 09, Unit 10"
1,13,10,10,"Unit 09, Unit 10",#f59e0b,M10,0.41500000000000004,"rgba(245,158,11,0.415)",16.5,"Final site M10<br>Row 12, Column 9<br>Merged droplets: 10<br>Units/layers: Unit 09, Unit 10"
