plate,row,col,x_norm,y_norm,layer_order,layer_label,color,shape,droplets_print,well_name,hover
1,7,4,0.14583333333333334,0.40625,0,Unit 01,#0d9488,circle,5,G4,"Unit 01<br>Grid site G4<br>Row 6, Column 3<br>Droplets: 5"
1,8,2,0.0625,0.46875,0,Unit 01,#0d9488,circle,5,H2,"Unit 01<br>Grid site H2<br>Row 7, Column 1<br>Droplets: 5"
1,8,3,0.10416666666666667,0.46875,0,Unit 01,#0d9488,circle,5,H3,"Unit 01<br>Grid site H3<br>Row 7, Column 2<br>Droplets: 5"
1,8,4,0.14583333333333334,0.46875,0,Unit 01,#0d9488,circle,5,H4,"Unit 01<br>Grid site H4<br>Row 7, Column 3<br>Droplets: 5"
1,8,5,0.1875,0.46875,0,Unit 01,#0d9488,circle,5,H5,"Unit 01<br>Grid site H5<br>Row 7, Column 4<br>Droplets: 5"
1,8,6,0.22916666666666666,0.46875,0,Unit 01,#0d9488,circle,5,H6,"Unit 01<br>Grid site H6<br>Row 7, Column 5<br>Droplets: 5"
1,9,2,0.0625,0.53125,0,Unit 01,#0d9488,circle,5,I2,"Unit 01<br>Grid site I2<br>Row 8, Column 1<br>Droplets: 5"
1,9,3,0.10416666666666667,0.53125,0,Unit 01,#0d9488,circle,5,I3,"Unit 01<br>Grid site I3<br>Row 8, Column 2<br>Droplets: 5"
1,9,4,0.14583333333333334,0.53125,0,Unit 01,#0d9488,circle,5,I4,"Unit 01<br>Grid site I4<br>Row 8, Column 3<br>Droplets: 5"
1,9,5,0.1875,0.53125,0,Unit 01,#0d9488,circle,5,I5,"Unit 01<br>Grid site I5<br>Row 8, Column 4<br>Droplets: 5"
1,9,6,0.22916666666666666,0.53125,0,Unit 01,#0d9488,circle,5,I6,"Unit 01<br>Grid site I6<br>Row 8, Column 5<br>Droplets: 5"
1,10,4,0.14583333333333334,0.59375,0,Unit 01,#0d9488,circle,5,J4,"Unit 01<br>Grid site J4<br>Row 9, Column 3<br>Droplets: 5"
1,8,4,0.14583333333333334,0.46875,1,Unit 02,#f59e0b,circle,5,H4,"Unit 02<br>Grid site H4<br>Row 7, Column 3<br>Droplets: 5"
1,8,5,0.1875,0.46875,1,Unit 02,#f59e0b,circle,5,H5,"Unit 02<br>Grid site H5<br>Row 7, Column 4<br>Droplets: 5"
1,8,6,0.22916666666666666,0.46875,1,Unit 02,#f59e0b,circle,5,H6,"Unit 02<br>Grid site H6<br>Row 7, Column 5<br>Droplets: 5"
1,9,3,0.10416666666666667,0.53125,1,Unit 02,#f59e0b,circle,5,I3,"Unit 02<br>Grid site I3<br>Row 8, Column 2<br>Droplets: 5"
1,9,4,0.14583333333333334,0.53125,1,Unit 02,#f59e0b,circle,5,I4,"Unit 02<br>Grid site I4<br>Row 8, Column 3<br>Droplets: 5"
1,9,5,0.1875,0.53125,1,Unit 02,#f59e0b,circle,5,I5,"Unit 02<br>Grid site I5<br>Row 8, Column 4<br>Droplets: 5"
1,9,6,0.22916666666666666,0.53125,1,Unit 02,#f59e0b,circle,5,I6,"Unit 02<br>Grid site I6<br>Row 8, Column 5<br>Droplets: 5"
1,9,7,0.2708333333333333,0.53125,1,Unit 02,#f59e0b,circle,5,I7,"Unit 02<br>Grid site I7<br>Row 8, Column 6<br>Droplets: 5"
1,10,3,0.10416666666666667,0.59375,1,Unit 02,#f59e0b,circle,5,J3,"Unit 02<br>Grid site J3<br>Row 9, Column 2<br>Droplets: 5"
1,10,4,0.14583333333333334,0.59375,1,Unit 02,#f59e0b,circle,5,J4,"Unit 02<br>Grid site J4<br>Row 9, Column 3<br>Droplets: 5"
1,10,5,0.1875,0.59375,1,Unit 02,#f59e0b,circle,5,J5,"Unit 02<br>Grid site J5<br>Row 9, Column 4<br>Droplets: 5"
1,10,6,0.22916666666666666,0.59375,1,Unit 02,#f59e0b,circle,5,J6,"Unit 02<br>Grid site J6<br>Row 9, Column 5<br>Droplets: 5"
1,9,4,0.14583333333333334,0.53125,2,Unit 03,#0d9488,circle,5,I4,"Unit 03<br>Grid site I4<br>Row 8, Column 3<br>Droplets: 5"
1,9,5,0.1875,0.53125,2,Unit 03,#0d9488,circle,5,I5,"Unit 03<br>Grid site I5<br>Row 8, Column 4<br>Droplets: 5"
1,9,6,0.22916666666666666,0.53125,2,Unit 03,#0d9488,circle,5,I6,"Unit 03<br>Grid site I6<br>Row 8, Column 5<br>Droplets: 5"
1,9,7,0.2708333333333333,0.53125,2,Unit 03,#0d9488,circle,5,I7,"Unit 03<br>Grid site I7<br>Row 8, Column 6<br>Droplets: 5"
1,10,3,0.10416666666666667,0.59375,2,Unit 03,#0d9488,circle,5,J3,"Unit 03<br>Grid site J3<br>Row 9, Column 2<br>Droplets: 5"
1,10,4,0.14583333333333334,0.59375,2,Unit 03,#0d9488,circle,5,J4,"Unit 03<br>Grid site J4<br>Row 9, Column 3<br>Droplets: 5"
1,10,5,0.1875,0.59375,2,Unit 03,#0d9488,circle,5,J5,"Unit 03<br>Grid site J5<br>Row 9, Column 4<br>Droplets: 5"
1,10,6,0.22916666666666666,0.59375,2,Unit 03,#0d9488,circle,5,J6,"Unit 03<br>Grid site J6<br>Row 9, Column 5<br>Droplets: 5"
1,10,7,0.2708333333333333,0.59375,2,Unit 03,#0d9488,circle,5,J7,"Unit 03<br>Grid site J7<br>Row 9, Column 6<br>Droplets: 5"
1,11,4,0.14583333333333334,0.65625,2,Unit 03,#0d9488,circle,5,K4,"Unit 03<br>Grid site K4<br>Row 10, Column 3<br>Droplets: 5"
1,11,5,0.1875,0.65625,2,Unit 03,#0d9488,circle,5,K5,"Unit 03<br>Grid site K5<br>Row 10, Column 4<br>Droplets: 5"
1,11,6,0.22916666666666666,0.65625,2,Unit 03,#0d9488,circle,5,K6,"Unit 03<br>Grid site K6<br>Row 10, Column 5<br>Droplets: 5"
1,9,5,0.1875,0.53125,3,Unit 04,#f59e0b,circle,5,I5,"Unit 04<br>Grid site I5<br>Row 8, Column 4<br>Droplets: 5"
1,9,6,0.22916666666666666,0.53125,3,Unit 04,#f59e0b,circle,5,I6,"Unit 04<br>Grid site I6<br>Row 8, Column 5<br>Droplets: 5"
1,10,4,0.14583333333333334,0.59375,3,Unit 04,#f59e0b,circle,5,J4,"Unit 04<br>Grid site J4<br>Row 9, Column 3<br>Droplets: 5"
1,10,5,0.1875,0.59375,3,Unit 04,#f59e0b,circle,5,J5,"Unit 04<br>Grid site J5<br>Row 9, Column 4<br>Droplets: 5"
1,10,6,0.22916666666666666,0.59375,3,Unit 04,#f59e0b,circle,5,J6,"Unit 04<br>Grid site J6<br>Row 9, Column 5<br>Droplets: 5"
1,10,7,0.2708333333333333,0.59375,3,Unit 04,#f59e0b,circle,5,J7,"Unit 04<br>Grid site J7<br>Row 9, Column 6<br>Droplets: 5"
1,10,8,0.3125,0.59375,3,Unit 04,#f59e0b,circle,5,J8,"Unit 04<br>Grid site J8<br>Row 9, Column 7<br>Droplets: 5"
1,11,4,0.14583333333333334,0.65625,3,Unit 04,#f59e0b,circle,5,K4,"Unit 04<br>Grid site K4<br>Row 10, Column 3<br>Droplets: 5"
1,11,5,0.1875,0.65625,3,Unit 04,#f59e0b,circle,5,K5,"Unit 04<br>Grid site K5<br>Row 10, Column 4<br>Droplets: 5"
1,11,6,0.22916666666666666,0.65625,3,Unit 04,#f59e0b,circle,5,K6,"Unit 04<br>Grid site K6<br>Row 10, Column 5<br>Droplets: 5"
1,11,7,0.2708333333333333,0.65625,3,Unit 04,#f59e0b,circle,5,K7,"Unit 04<br>Grid site K7<br>Row 10, Column 6<br>Droplets: 5"
1,11,8,0.3125,0.65625,3,Unit 04,#f59e0b,circle,5,K8,"Unit 04<br>Grid site K8<br>Row 10, Column 7<br>Droplets: 5"
1,12,6,0.22916666666666666,0.71875,3,Unit 04,#f59e0b,circle,5,L6,"Unit 04<br>Grid site L6<br>Row 11, Column 5<br>Droplets: 5"
1,10,5,0.1875,0.59375,4,Unit 05,#0d9488,circle,5,J5,"Unit 05<br>Grid site J5<br>Row 9, Column 4<br>Droplets: 5"
1,10,6,0.22916666666666666,0.59375,4,Unit 05,#0d9488,circle,5,J6,"Unit 05<br>Grid site J6<br>Row 9, Column 5<br>Droplets: 5"
1,10,7,0.2708333333333333,0.59375,4,Unit 05,#0d9488,circle,5,J7,"Unit 05<br>Grid site J7<br>Row 9, Column 6<br>Droplets: 5"
1,10,8,0.3125,0.59375,4,Unit 05,#0d9488,circle,5,J8,"Unit 05<br>Grid site J8<br>Row 9, Column 7<br>Droplets: 5"
1,11,5,0.1875,0.65625,4,Unit 05,#0d9488,circle,5,K5,"Unit 05<br>Grid site K5<br>Row 10, Column 4<br>Droplets: 5"
1,11,6,0.22916666666666666,0.65625,4,Unit 05,#0d9488,circle,5,K6,"Unit 05<br>Grid site K6<br>Row 10, Column 5<br>Droplets: 5"
1,11,7,0.2708333333333333,0.65625,4,Unit 05,#0d9488,circle,5,K7,"Unit 05<br>Grid site K7<br>Row 10, Column 6<br>Droplets: 5"
1,11,8,0.3125,0.65625,4,Unit 05,#0d9488,circle,5,K8,"Unit 05<br>Grid site K8<br>Row 10, Column 7<br>Droplets: 5"
1,12,5,0.1875,0.71875,4,Unit 05,#0d9488,circle,5,L5,"Unit 05<br>Grid site L5<br>Row 11, Column 4<br>Droplets: 5"
1,12,6,0.22916666666666666,0.71875,4,Unit 05,#0d9488,circle,5,L6,"Unit 05<br>Grid site L6<br>Row 11, Column 5<br>Droplets: 5"
1,12,7,0.2708333333333333,0.71875,4,Unit 05,#0d9488,circle,5,L7,"Unit 05<br>Grid site L7<br>Row 11, Column 6<br>Droplets: 5"
1,12,8,0.3125,0.71875,4,Unit 05,#0d9488,circle,5,L8,"Unit 05<br>Grid site L8<br>Row 11, Column 7<br>Droplets: 5"
1,10,6,0.22916666666666666,0.59375,5,Unit 06,#f59e0b,circle,5,J6,"Unit 06<br>Grid site J6<br>Row 9, Column 5<br>Droplets: 5"
1,10,7,0.2708333333333333,0.59375,5,Unit 06,#f59e0b,circle,5,J7,"Unit 06<br>Grid site J7<br>Row 9, Column 6<br>Droplets: 5"
1,10,8,0.3125,0.59375,5,Unit 06,#f59e0b,circle,5,J8,"Unit 06<br>Grid site J8<br>Row 9, Column 7<br>Droplets: 5"
1,11,5,0.1875,0.65625,5,Unit 06,#f59e0b,circle,5,K5,"Unit 06<br>Grid site K5<br>Row 10, Column 4<br>Droplets: 5"
1,11,6,0.22916666666666666,0.65625,5,Unit 06,#f59e0b,circle,5,K6,"Unit 06<br>Grid site K6<br>Row 10, Column 5<br>Droplets: 5"
1,11,7,0.2708333333333333,0.65625,5,Unit 06,#f59e0b,circle,5,K7,"Unit 06<br>Grid site K7<br>Row 10, Column 6<br>Droplets: 5"
1,11,8,0.3125,0.65625,5,Unit 06,#f59e0b,circle,5,K8,"Unit 06<br>Grid site K8<br>Row 10, Column 7<br>Droplets: 5"
1,11,9,0.3541666666666667,0.65625,5,Unit 06,#f59e0b,circle,5,K9,"Unit 06<br>Grid site K9<br>Row 10, Column 8<br>Droplets: 5"
1,12,5,0.1875,0.71875,5,Unit 06,#f59e0b,circle,5,L5,"Unit 06<br>Grid site L5<br>Row 11, Column 4<br>Droplets: 5"
1,12,6,0.22916666666666666,0.71875,5,Unit 06,#f59e0b,circle,5,L6,"Unit 06<br>Grid site L6<br>Row 11, Column 5<br>Droplets: 5"
1,12,7,0.2708333333333333,0.71875,5,Unit 06,#f59e0b,circle,5,L7,"Unit 06<br>Grid site L7<br>Row 11, Column 6<br>Droplets: 5"
1,12,8,0.3125,0.71875,5,Unit 06,#f59e0b,circle,5,L8,"Unit 06<br>Grid site L8<br>Row 11, Column 7<br>Droplets: 5"
1,12,9,0.3541666666666667,0.71875,5,Unit 06,#f59e0b,circle,5,L9,"Unit 06<br>Grid site L9<br>Row 11, Column 8<br>Droplets: 5"
1,11,6,0.22916666666666666,0.65625,6,Unit 07,#0d9488,circle,5,K6,"Unit 07<br>Grid site K6<br>Row 10, Column 5<br>Droplets: 5"
1,11,7,0.2708333333333333,0.65625,6,Unit 07,#0d9488,circle,5,K7,"Unit 07<br>Grid site K7<br>Row 10, Column 6<br>Droplets: 5"
1,11,8,0.3125,0.65625,6,Unit 07,#0d9488,circle,5,K8,"Unit 07<br>Grid site K8<br>Row 10, Column 7<br>Droplets: 5"
1,11,9,0.3541666666666667,0.65625,6,Unit 07,#0d9488,circle,5,K9,"Unit 07<br>Grid site K9<br>Row 10, Column 8<br>Droplets: 5"
1,12,6,0.22916666666666666,0.71875,6,Unit 07,#0d9488,circle,5,L6,"Unit 07<br>Grid site L6<br>Row 11, Column 5<br>Droplets: 5"
1,12,7,0.2708333333333333,0.71875,6,Unit 07,#0d9488,circle,5,L7,"Unit 07<br>Grid site L7<br>Row 11, Column 6<br>Droplets: 5"
1,12,8,0.3125,0.71875,6,Unit 07,#0d9488,circle,5,L8,"Unit 07<br>Grid site L8<br>Row 11, Column 7<br>Droplets: 5"
1,12,9,0.3541666666666667,0.71875,6,Unit 07,#0d9488,circle,5,L9,"Unit 07<br>Grid site L9<br>Row 11, Column 8<br>Droplets: 5"
1,13,7,0.2708333333333333,0.78125,6,Unit 07,#0d9488,circle,5,M7,"Unit 07<br>Grid site M7<br>Row 12, Column 6<br>Droplets: 5"
1,13,8,0.3125,0.78125,6,Unit 07,#0d9488,circle,5,M8,"Unit 07<br>Grid site M8<br>Row 12, Column 7<br>Droplets: 5"
1,11,6,0.22916666666666666,0.65625,7,Unit 08,#f59e0b,circle,5,K6,"Unit 08<br>Grid site K6<br>Row 10, Column 5<br>Droplets: 5"
1,11,7,0.2708333333333333,0.65625,7,Unit 08,#f59e0b,circle,5,K7,"Unit 08<br>Grid site K7<br>Row 10, Column 6<br>Droplets: 5"
1,11,8,0.3125,0.65625,7,Unit 08,#f59e0b,circle,5,K8,"Unit 08<br>Grid site K8<br>Row 10, Column 7<br>Droplets: 5"
1,11,9,0.3541666666666667,0.65625,7,Unit 08,#f59e0b,circle,5,K9,"Unit 08<br>Grid site K9<br>Row 10, Column 8<br>Droplets: 5"
1,11,10,0.3958333333333333,0.65625,7,Unit 08,#f59e0b,circle,5,K10,"Unit 08<br>Grid site K10<br>Row 10, Column 9<br>Droplets: 5"
1,12,6,0.22916666666666666,0.71875,7,Unit 08,#f59e0b,circle,5,L6,"Unit 08<br>Grid site L6<br>Row 11, Column 5<br>Droplets: 5"
1,12,7,0.2708333333333333,0.71875,7,Unit 08,#f59e0b,circle,5,L7,"Unit 08<br>Grid site L7<br>Row 11, Column 6<br>Droplets: 5"
1,12,8,0.3125,0.71875,7,Unit 08,#f59e0b,circle,5,L8,"Unit 08<br>Grid site L8<br>Row 11, Column 7<br>Droplets: 5"
1,12,9,0.3541666666666667,0.71875,7,Unit 08,#f59e0b,circle,5,L9,"Unit 08<br>Grid site L9<br>Row 11, Column 8<br>Droplets: 5"
1,12,10,0.3958333333333333,0.71875,7,Unit 08,#f59e0b,circle,5,L10,"Unit 08<br>Grid site L10<br>Row 11, Column 9<br>Droplets: 5"
1,13,7,0.2708333333333333,0.78125,7,Unit 08,#f59e0b,circle,5,M7,"Unit 08<br>Grid site M7<br>Row 12, Column 6<br>Droplets: 5"
1,13,8,0.3125,0.78125,7,Unit 08,#f59e0b,circle,5,M8,"Unit 08<br>Grid site M8<br>Row 12, Column 7<br>Droplets: 5"
1,13,9,0.3541666666666667,0.78125,7,Unit 08,#f59e0b,circle,5,M9,"Unit 08<br>Grid site M9<br>Row 12, Column 8<br>Droplets: 5"
1,11,7,0.2708333333333333,0.65625,8,Unit 09,#0d9488,circle,5,K7,"Unit 09<br>Grid site K7<br>Row 10, Column 6<br>Droplets: 5"
1,11,8,0.3125,0.65625,8,Unit 09,#0d9488,circle,5,K8,"Unit 09<br>Grid site K8<br>Row 10, Column 7<br>Droplets: 5"
1,11,9,0.3541666666666667,0.65625,8,Unit 09,#0d9488,circle,5,K9,"Unit 09<br>Grid site K9<br>Row 10, Column 8<br>Droplets: 5"
1,11,10,0.3958333333333333,0.65625,8,Unit 09,#0d9488,circle,5,K10,"Unit 09<br>Grid site K10<br>Row 10, Column 9<br>Droplets: 5"
1,12,7,0.2708333333333333,0.71875,8,Unit 09,#0d9488,circle,5,L7,"Unit 09<br>Grid site L7<br>Row 11, Column 6<br>Droplets: 5"
1,12,8,0.3125,0.71875,8,Unit 09,#0d9488,circle,5,L8,"Unit 09<br>Grid site L8<br>Row 11, Column 7<br>Droplets: 5"
1,12,9,0.3541666666666667,0.71875,8,Unit 09,#0d9488,circle,5,L9,"Unit 09<br>Grid site L9<br>Row 11, Column 8<br>Droplets: 5"
1,12,10,0.3958333333333333,0.71875,8,Unit 09,#0d9488,circle,5,L10,"Unit 09<br>Grid site L10<br>Row 11, Column 9<br>Droplets: 5"
1,12,11,0.4375,0.71875,8,Unit 09,#0d9488,circle,5,L11,"Unit 09<br>Grid site L11<br>Row 11, Column 10<br>Droplets: 5"
1,13,8,0.3125,0.78125,8,Unit 09,#0d9488,circle,5,M8,"Unit 09<br>Grid site M8<br>Row 12, Column 7<br>Droplets: 5"
1,13,9,0.3541666666666667,0.78125,8,Unit 09,#0d9488,circle,5,M9,"Unit 09<br>Grid site M9<br>Row 12, Column 8<br>Droplets: 5"
1,13,10,0.3958333333333333,0.78125,8,Unit 09,#0d9488,circle,5,M10,"Unit 09<br>Grid site M10<br>Row 12, Column 9<br>Droplets: 5"
1,10,9,0.3541666666666667,0.59375,9,Unit 10,#f59e0b,circle,5,J9,"Unit 10<br>Grid site J9<br>Row 9, Column 8<br>Droplets: 5"
1,10,10,0.3958333333333333,0.59375,9,Unit 10,#f59e0b,circle,5,J10,"Unit 10<br>Grid site J10<br>Row 9, Column 9<br>Droplets: 5"
1,11,8,0.3125,0.65625,9,Unit 10,#f59e0b,circle,5,K8,"Unit 10<br>Grid site K8<br>Row 10, Column 7<br>Droplets: 5"
1,11,9,0.3541666666666667,0.65625,9,Unit 10,#f59e0b,circle,5,K9,"Unit 10<br>Grid site K9<br>Row 10, Column 8<br>Droplets: 5"
1,11,10,0.3958333333333333,0.65625,9,Unit 10,#f59e0b,circle,5,K10,"Unit 10<br>Grid site K10<br>Row 10, Column 9<br>Droplets: 5"
1,11,11,0.4375,0.65625,9,Unit 10,#f59e0b,circle,5,K11,"Unit 10<br>Grid site K11<br>Row 10, Column 10<br>Droplets: 5"
1,12,8,0.3125,0.71875,9,Unit 10,#f59e0b,circle,5,L8,"Unit 10<br>Grid site L8<br>Row 11, Column 7<br>Droplets: 5"
1,12,9,0.3541666666666667,0.71875,9,Unit 10,#f59e0b,circle,5,L9,"Unit 10<br>Grid site L9<br>Row 11, Column 8<br>Droplets: 5"
1,12,10,0.3958333333333333,0.71875,9,Unit 10,#f59e0b,circle,5,L10,"Unit 10<br>Grid site L10<br>Row 11, Column 9<br>Droplets: 5"
1,12,11,0.4375,0.71875,9,Unit 10,#f59e0b,circle,5,L11,"Unit 10<br>Grid site L11<br>Row 11, Column 10<br>Droplets: 5"
1,13,9,0.3541666666666667,0.78125,9,Unit 10,#f59e0b,circle,5,M9,"Unit 10<br>Grid site M9<br>Row 12, Column 8<br>Droplets: 5"
1,13,10,0.3958333333333333,0.78125,9,Unit 10,#f59e0b,circle,5,M10,"Unit 10<br>Grid site M10<br>Row 12, Column 9<br>Droplets: 5"
1,10,9,0.3541666666666667,0.59375,10,Unit 11,#0d9488,circle,5,J9,"Unit 11<br>Grid site J9<br>Row 9, Column 8<br>Droplets: 5"
1,10,10,0.3958333333333333,0.59375,10,Unit 11,#0d9488,circle,5,J10,"Unit 11<br>Grid site J10<br>Row 9, Column 9<br>Droplets: 5"
1,10,11,0.4375,0.59375,10,Unit 11,#0d9488,circle,5,J11,"Unit 11<br>Grid site J11<br>Row 9, Column 10<br>Droplets: 5"
1,11,8,0.3125,0.65625,10,Unit 11,#0d9488,circle,5,K8,"Unit 11<br>Grid site K8<br>Row 10, Column 7<br>Droplets: 5"
1,11,9,0.3541666666666667,0.65625,10,Unit 11,#0d9488,circle,5,K9,"Unit 11<br>Grid site K9<br>Row 10, Column 8<br>Droplets: 5"
1,11,10,0.3958333333333333,0.65625,10,Unit 11,#0d9488,circle,5,K10,"Unit 11<br>Grid site K10<br>Row 10, Column 9<br>Droplets: 5"
1,11,11,0.4375,0.65625,10,Unit 11,#0d9488,circle,5,K11,"Unit 11<br>Grid site K11<br>Row 10, Column 10<br>Droplets: 5"
1,11,12,0.4791666666666667,0.65625,10,Unit 11,#0d9488,circle,5,K12,"Unit 11<br>Grid site K12<br>Row 10, Column 11<br>Droplets: 5"
1,12,8,0.3125,0.71875,10,Unit 11,#0d9488,circle,5,L8,"Unit 11<br>Grid site L8<br>Row 11, Column 7<br>Droplets: 5"
1,12,9,0.3541666666666667,0.71875,10,Unit 11,#0d9488,circle,5,L9,"Unit 11<br>Grid site L9<br>Row 11, Column 8<br>Droplets: 5"
1,12,10,0.3958333333333333,0.71875,10,Unit 11,#0d9488,circle,5,L10,"Unit 11<br>Grid site L10<br>Row 11, Column 9<br>Droplets: 5"
1,12,11,0.4375,0.71875,10,Unit 11,#0d9488,circle,5,L11,"Unit 11<br>Grid site L11<br>Row 11, Column 10<br>Droplets: 5"
1,10,9,0.3541666666666667,0.59375,11,Unit 12,#f59e0b,circle,5,J9,"Unit 12<br>Grid site J9<br>Row 9, Column 8<br>Droplets: 5"
1,10,10,0.3958333333333333,0.59375,11,Unit 12,#f59e0b,circle,5,J10,"Unit 12<br>Grid site J10<br>Row 9, Column 9<br>Droplets: 5"
1,10,11,0.4375,0.59375,11,Unit 12,#f59e0b,circle,5,J11,"Unit 12<br>Grid site J11<br>Row 9, Column 10<br>Droplets: 5"
1,10,12,0.4791666666666667,0.59375,11,Unit 12,#f59e0b,circle,5,J12,"Unit 12<br>Grid site J12<br>Row 9, Column 11<br>Droplets: 5"
1,11,9,0.3541666666666667,0.65625,11,Unit 12,#f59e0b,circle,5,K9,"Unit 12<br>Grid site K9<br>Row 10, Column 8<br>Droplets: 5"
1,11,10,0.3958333333333333,0.65625,11,Unit 12,#f59e0b,circle,5,K10,"Unit 12<br>Grid site K10<br>Row 10, Column 9<br>Droplets: 5"
1,11,11,0.4375,0.65625,11,Unit 12,#f59e0b,circle,5,K11,"Unit 12<br>Grid site K11<br>Row 10, Column 10<br>Droplets: 5"
1,11,12,0.4791666666666667,0.65625,11,Unit 12,#f59e0b,circle,5,K12,"Unit 12<br>Grid site K12<br>Row 10, Column 11<br>Droplets: 5"
1,12,10,0.3958333333333333,0.71875,11,Unit 12,#f59e0b,circle,5,L10,"Unit 12<br>Grid site L10<br>Row 11, Column 9<br>Droplets: 5"
1,12,11,0.4375,0.71875,11,Unit 12,#f59e0b,circle,5,L11,"Unit 12<br>Grid site L11<br>Row 11, Column 10<br>Droplets: 5"
1,9,10,0.3958333333333333,0.53125,12,Unit 13,#0d9488,circle,5,I10,"Unit 13<br>Grid site I10<br>Row 8, Column 9<br>Droplets: 5"
1,9,11,0.4375,0.53125,12,Unit 13,#0d9488,circle,5,I11,"Unit 13<br>Grid site I11<br>Row 8, Column 10<br>Droplets: 5"
1,9,12,0.4791666666666667,0.53125,12,Unit 13,#0d9488,circle,5,I12,"Unit 13<br>Grid site I12<br>Row 8, Column 11<br>Droplets: 5"
1,10,9,0.3541666666666667,0.59375,12,Unit 13,#0d9488,circle,5,J9,"Unit 13<br>Grid site J9<br>Row 9, Column 8<br>Droplets: 5"
1,10,10,0.3958333333333333,0.59375,12,Unit 13,#0d9488,circle,5,J10,"Unit 13<br>Grid site J10<br>Row 9, Column 9<br>Droplets: 5"
1,10,11,0.4375,0.59375,12,Unit 13,#0d9488,circle,5,J11,"Unit 13<br>Grid site J11<br>Row 9, Column 10<br>Droplets: 5"
1,10,12,0.4791666666666667,0.59375,12,Unit 13,#0d9488,circle,5,J12,"Unit 13<br>Grid site J12<br>Row 9, Column 11<br>Droplets: 5"
1,10,13,0.5208333333333334,0.59375,12,Unit 13,#0d9488,circle,5,J13,"Unit 13<br>Grid site J13<br>Row 9, Column 12<br>Droplets: 5"
1,11,10,0.3958333333333333,0.65625,12,Unit 13,#0d9488,circle,5,K10,"Unit 13<br>Grid site K10<br>Row 10, Column 9<br>Droplets: 5"
1,11,11,0.4375,0.65625,12,Unit 13,#0d9488,circle,5,K11,"Unit 13<br>Grid site K11<br>Row 10, Column 10<br>Droplets: 5"
1,11,12,0.4791666666666667,0.65625,12,Unit 13,#0d9488,circle,5,K12,"Unit 13<br>Grid site K12<br>Row 10, Column 11<br>Droplets: 5"
1,11,13,0.5208333333333334,0.65625,12,Unit 13,#0d9488,circle,5,K13,"Unit 13<br>Grid site K13<br>Row 10, Column 12<br>Droplets: 5"
1,8,11,0.4375,0.46875,13,Unit 14,#f59e0b,circle,5,H11,"Unit 14<br>Grid site H11<br>Row 7, Column 10<br>Droplets: 5"
1,8,12,0.4791666666666667,0.46875,13,Unit 14,#f59e0b,circle,5,H12,"Unit 14<br>Grid site H12<br>Row 7, Column 11<br>Droplets: 5"
1,9,10,0.3958333333333333,0.53125,13,Unit 14,#f59e0b,circle,5,I10,"Unit 14<br>Grid site I10<br>Row 8, Column 9<br>Droplets: 5"
1,9,11,0.4375,0.53125,13,Unit 14,#f59e0b,circle,5,I11,"Unit 14<br>Grid site I11<br>Row 8, Column 10<br>Droplets: 5"
1,9,12,0.4791666666666667,0.53125,13,Unit 14,#f59e0b,circle,5,I12,"Unit 14<br>Grid site I12<br>Row 8, Column 11<br>Droplets: 5"
1,9,13,0.5208333333333334,0.53125,13,Unit 14,#f59e0b,circle,5,I13,"Unit 14<br>Grid site I13<br>Row 8, Column 12<br>Droplets: 5"
1,10,10,0.3958333333333333,0.59375,13,Unit 14,#f59e0b,circle,5,J10,"Unit 14<br>Grid site J10<br>Row 9, Column 9<br>Droplets: 5"
1,10,11,0.4375,0.59375,13,Unit 14,#f59e0b,circle,5,J11,"Unit 14<br>Grid site J11<br>Row 9, Column 10<br>Droplets: 5"
1,10,12,0.4791666666666667,0.59375,13,Unit 14,#f59e0b,circle,5,J12,"Unit 14<br>Grid site J12<br>Row 9, Column 11<br>Droplets: 5"
1,10,13,0.5208333333333334,0.59375,13,Unit 14,#f59e0b,circle,5,J13,"Unit 14<br>Grid site J13<br>Row 9, Column 12<br>Droplets: 5"
1,11,11,0.4375,0.65625,13,Unit 14,#f59e0b,circle,5,K11,"Unit 14<br>Grid site K11<br>Row 10, Column 10<br>Droplets: 5"
1,11,12,0.4791666666666667,0.65625,13,Unit 14,#f59e0b,circle,5,K12,"Unit 14<br>Grid site K12<br>Row 10, Column 11<br>Droplets: 5"
1,8,11,0.4375,0.46875,14,Unit 15,#0d9488,circle,5,H11,"Unit 15<br>Grid site H11<br>Row 7, Column 10<br>Droplets: 5"
1,8,12,0.4791666666666667,0.46875,14,Unit 15,#0d9488,circle,5,H12,"Unit 15<br>Grid site H12<br>Row 7, Column 11<br>Droplets: 5"
1,8,13,0.5208333333333334,0.46875,14,Unit 15,#0d9488,circle,5,H13,"Unit 15<br>Grid site H13<br>Row 7, Column 12<br>Droplets: 5"
1,8,14,0.5625,0.46875,14,Unit 15,#0d9488,circle,5,H14,"Unit 15<br>Grid site H14<br>Row 7, Column 13<br>Droplets: 5"
1,9,10,0.3958333333333333,0.53125,14,Unit 15,#0d9488,circle,5,I10,"Unit 15<br>Grid site I10<br>Row 8, Column 9<br>Droplets: 5"
1,9,11,0.4375,0.53125,14,Unit 15,#0d9488,circle,5,I11,"Unit 15<br>Grid site I11<br>Row 8, Column 10<br>Droplets: 5"
1,9,12,0.4791666666666667,0.53125,14,Unit 15,#0d9488,circle,5,I12,"Unit 15<br>Grid site I12<br>Row 8, Column 11<br>Droplets: 5"
1,9,13,0.5208333333333334,0.53125,14,Unit 15,#0d9488,circle,5,I13,"Unit 15<br>Grid site I13<br>Row 8, Column 12<br>Droplets: 5"
1,9,14,0.5625,0.53125,14,Unit 15,#0d9488,circle,5,I14,"Unit 15<br>Grid site I14<br>Row 8, Column 13<br>Droplets: 5"
1,10,11,0.4375,0.59375,14,Unit 15,#0d9488,circle,5,J11,"Unit 15<br>Grid site J11<br>Row 9, Column 10<br>Droplets: 5"
1,10,12,0.4791666666666667,0.59375,14,Unit 15,#0d9488,circle,5,J12,"Unit 15<br>Grid site J12<br>Row 9, Column 11<br>Droplets: 5"
1,10,13,0.5208333333333334,0.59375,14,Unit 15,#0d9488,circle,5,J13,"Unit 15<br>Grid site J13<br>Row 9, Column 12<br>Droplets: 5"
1,7,12,0.4791666666666667,0.40625,15,Unit 16,#f59e0b,circle,5,G12,"Unit 16<br>Grid site G12<br>Row 6, Column 11<br>Droplets: 5"
1,7,13,0.5208333333333334,0.40625,15,Unit 16,#f59e0b,circle,5,G13,"Unit 16<br>Grid site G13<br>Row 6, Column 12<br>Droplets: 5"
1,7,14,0.5625,0.40625,15,Unit 16,#f59e0b,circle,5,G14,"Unit 16<br>Grid site G14<br>Row 6, Column 13<br>Droplets: 5"
1,8,11,0.4375,0.46875,15,Unit 16,#f59e0b,circle,5,H11,"Unit 16<br>Grid site H11<br>Row 7, Column 10<br>Droplets: 5"
1,8,12,0.4791666666666667,0.46875,15,Unit 16,#f59e0b,circle,5,H12,"Unit 16<br>Grid site H12<br>Row 7, Column 11<br>Droplets: 5"
1,8,13,0.5208333333333334,0.46875,15,Unit 16,#f59e0b,circle,5,H13,"Unit 16<br>Grid site H13<br>Row 7, Column 12<br>Droplets: 5"
1,8,14,0.5625,0.46875,15,Unit 16,#f59e0b,circle,5,H14,"Unit 16<br>Grid site H14<br>Row 7, Column 13<br>Droplets: 5"
1,8,15,0.6041666666666666,0.46875,15,Unit 16,#f59e0b,circle,5,H15,"Unit 16<br>Grid site H15<br>Row 7, Column 14<br>Droplets: 5"
1,9,11,0.4375,0.53125,15,Unit 16,#f59e0b,circle,5,I11,"Unit 16<br>Grid site I11<br>Row 8, Column 10<br>Droplets: 5"
1,9,12,0.4791666666666667,0.53125,15,Unit 16,#f59e0b,circle,5,I12,"Unit 16<br>Grid site I12<br>Row 8, Column 11<br>Droplets: 5"
1,9,13,0.5208333333333334,0.53125,15,Unit 16,#f59e0b,circle,5,I13,"Unit 16<br>Grid site I13<br>Row 8, Column 12<br>Droplets: 5"
1,9,14,0.5625,0.53125,15,Unit 16,#f59e0b,circle,5,I14,"Unit 16<br>Grid site I14<br>Row 8, Column 13<br>Droplets: 5"
1,6,13,0.5208333333333334,0.34375,16,Unit 17,#0d9488,circle,5,F13,"Unit 17<br>Grid site F13<br>Row 5, Column 12<br>Droplets: 5"
1,6,14,0.5625,0.34375,16,Unit 17,#0d9488,circle,5,F14,"Unit 17<br>Grid site F14<br>Row 5, Column 13<br>Droplets: 5"
1,7,12,0.4791666666666667,0.40625,16,Unit 17,#0d9488,circle,5,G12,"Unit 17<br>Grid site G12<br>Row 6, Column 11<br>Droplets: 5"
1,7,13,0.5208333333333334,0.40625,16,Unit 17,#0d9488,circle,5,G13,"Unit 17<br>Grid site G13<br>Row 6, Column 12<br>Droplets: 5"
1,7,14,0.5625,0.40625,16,Unit 17,#0d9488,circle,5,G14,"Unit 17<br>Grid site G14<br>Row 6, Column 13<br>Droplets: 5"
1,7,15,0.6041666666666666,0.40625,16,Unit 17,#0d9488,circle,5,G15,"Unit 17<br>Grid site G15<br>Row 6, Column 14<br>Droplets: 5"
1,8,12,0.4791666666666667,0.46875,16,Unit 17,#0d9488,circle,5,H12,"Unit 17<br>Grid site H12<br>Row 7, Column 11<br>Droplets: 5"
1,8,13,0.5208333333333334,0.46875,16,Unit 17,#0d9488,circle,5,H13,"Unit 17<br>Grid site H13<br>Row 7, Column 12<br>Droplets: 5"
1,8,14,0.5625,0.46875,16,Unit 17,#0d9488,circle,5,H14,"Unit 17<br>Grid site H14<br>Row 7, Column 13<br>Droplets: 5"
1,8,15,0.6041666666666666,0.46875,16,Unit 17,#0d9488,circle,5,H15,"Unit 17<br>Grid site H15<br>Row 7, Column 14<br>Droplets: 5"
1,9,13,0.5208333333333334,0.53125,16,Unit 17,#0d9488,circle,5,I13,"Unit 17<br>Grid site I13<br>Row 8, Column 12<br>Droplets: 5"
1,9,14,0.5625,0.53125,16,Unit 17,#0d9488,circle,5,I14,"Unit 17<br>Grid site I14<br>Row 8, Column 13<br>Droplets: 5"
1,6,12,0.4791666666666667,0.34375,17,Unit 18,#f59e0b,circle,5,F12,"Unit 18<br>Grid site F12<br>Row 5, Column 11<br>Droplets: 5"
1,6,13,0.5208333333333334,0.34375,17,Unit 18,#f59e0b,circle,5,F13,"Unit 18<br>Grid site F13<br>Row 5, Column 12<br>Droplets: 5"
1,6,14,0.5625,0.34375,17,Unit 18,#f59e0b,circle,5,F14,"Unit 18<br>Grid site F14<br>Row 5, Column 13<br>Droplets: 5"
1,6,15,0.6041666666666666,0.34375,17,Unit 18,#f59e0b,circle,5,F15,"Unit 18<br>Grid site F15<br>Row 5, Column 14<br>Droplets: 5"
1,7,12,0.4791666666666667,0.40625,17,Unit 18,#f59e0b,circle,5,G12,"Unit 18<br>Grid site G12<br>Row 6, Column 11<br>Droplets: 5"
1,7,13,0.5208333333333334,0.40625,17,Unit 18,#f59e0b,circle,5,G13,"Unit 18<br>Grid site G13<br>Row 6, Column 12<br>Droplets: 5"
1,7,14,0.5625,0.40625,17,Unit 18,#f59e0b,circle,5,G14,"Unit 18<br>Grid site G14<br>Row 6, Column 13<br>Droplets: 5"
1,7,15,0.6041666666666666,0.40625,17,Unit 18,#f59e0b,circle,5,G15,"Unit 18<br>Grid site G15<br>Row 6, Column 14<br>Droplets: 5"
1,7,16,0.6458333333333334,0.40625,17,Unit 18,#f59e0b,circle,5,G16,"Unit 18<br>Grid site G16<br>Row 6, Column 15<br>Droplets: 5"
1,8,13,0.5208333333333334,0.46875,17,Unit 18,#f59e0b,circle,5,H13,"Unit 18<br>Grid site H13<br>Row 7, Column 12<br>Droplets: 5"
1,8,14,0.5625,0.46875,17,Unit 18,#f59e0b,circle,5,H14,"Unit 18<br>Grid site H14<br>Row 7, Column 13<br>Droplets: 5"
1,8,15,0.6041666666666666,0.46875,17,Unit 18,#f59e0b,circle,5,H15,"Unit 18<br>Grid site H15<br>Row 7, Column 14<br>Droplets: 5"
1,5,14,0.5625,0.28125,18,Unit 19,#0d9488,circle,5,E14,"Unit 19<br>Grid site E14<br>Row 4, Column 13<br>Droplets: 5"
1,5,15,0.6041666666666666,0.28125,18,Unit 19,#0d9488,circle,5,E15,"Unit 19<br>Grid site E15<br>Row 4, Column 14<br>Droplets: 5"
1,6,13,0.5208333333333334,0.34375,18,Unit 19,#0d9488,circle,5,F13,"Unit 19<br>Grid site F13<br>Row 5, Column 12<br>Droplets: 5"
1,6,14,0.5625,0.34375,18,Unit 19,#0d9488,circle,5,F14,"Unit 19<br>Grid site F14<br>Row 5, Column 13<br>Droplets: 5"
1,6,15,0.6041666666666666,0.34375,18,Unit 19,#0d9488,circle,5,F15,"Unit 19<br>Grid site F15<br>Row 5, Column 14<br>Droplets: 5"
1,6,16,0.6458333333333334,0.34375,18,Unit 19,#0d9488,circle,5,F16,"Unit 19<br>Grid site F16<br>Row 5, Column 15<br>Droplets: 5"
1,7,13,0.5208333333333334,0.40625,18,Unit 19,#0d9488,circle,5,G13,"Unit 19<br>Grid site G13<br>Row 6, Column 12<br>Droplets: 5"
1,7,14,0.5625,0.40625,18,Unit 19,#0d9488,circle,5,G14,"Unit 19<br>Grid site G14<br>Row 6, Column 13<br>Droplets: 5"
1,7,15,0.6041666666666666,0.40625,18,Unit 19,#0d9488,circle,5,G15,"Unit 19<br>Grid site G15<br>Row 6, Column 14<br>Droplets: 5"
1,7,16,0.6458333333333334,0.40625,18,Unit 19,#0d9488,circle,5,G16,"Unit 19<br>Grid site G16<br>Row 6, Column 15<br>Droplets: 5"
1,5,14,0.5625,0.28125,19,Unit 20,#f59e0b,circle,5,E14,"Unit 20<br>Grid site E14<br>Row 4, Column 13<br>Droplets: 5"
1,5,15,0.6041666666666666,0.28125,19,Unit 20,#f59e0b,circle,5,E15,"Unit 20<br>Grid site E15<br>Row 4, Column 14<br>Droplets: 5"
1,5,16,0.6458333333333334,0.28125,19,Unit 20,#f59e0b,circle,5,E16,"Unit 20<br>Grid site E16<br>Row 4, Column 15<br>Droplets: 5"
1,5,17,0.6875,0.28125,19,Unit 20,#f59e0b,circle,5,E17,"Unit 20<br>Grid site E17<br>Row 4, Column 16<br>Droplets: 5"
1,6,13,0.5208333333333334,0.34375,19,Unit 20,#f59e0b,circle,5,F13,"Unit 20<br>Grid site F13<br>Row 5, Column 12<br>Droplets: 5"
1,6,14,0.5625,0.34375,19,Unit 20,#f59e0b,circle,5,F14,"Unit 20<br>Grid site F14<br>Row 5, Column 13<br>Droplets: 5"
1,6,15,0.6041666666666666,0.34375,19,Unit 20,#f59e0b,circle,5,F15,"Unit 20<br>Grid site F15<br>Row 5, Column 14<br>Droplets: 5"
1,6,16,0.6458333333333334,0.34375,19,Unit 20,#f59e0b,circle,5,F16,"Unit 20<br>Grid site F16<br>Row 5, Column 15<br>Droplets: 5"
1,6,17,0.6875,0.34375,19,Unit 20,#f59e0b,circle,5,F17,"Unit 20<br>Grid site F17<br>Row 5, Column 16<br>Droplets: 5"
1,7,14,0.5625,0.40625,19,Unit 20,#f59e0b,circle,5,G14,"Unit 20<br>Grid site G14<br>Row 6, Column 13<br>Droplets: 5"
1,7,15,0.6041666666666666,0.40625,19,Unit 20,#f59e0b,circle,5,G15,"Unit 20<br>Grid site G15<br>Row 6, Column 14<br>Droplets: 5"
1,7,16,0.6458333333333334,0.40625,19,Unit 20,#f59e0b,circle,5,G16,"Unit 20<br>Grid site G16<br>Row 6, Column 15<br>Droplets: 5"
1,4,15,0.6041666666666666,0.21875,20,Unit 21,#0d9488,circle,5,D15,"Unit 21<br>Grid site D15<br>Row 3, Column 14<br>Droplets: 5"
1,4,16,0.6458333333333334,0.21875,20,Unit 21,#0d9488,circle,5,D16,"Unit 21<br>Grid site D16<br>Row 3, Column 15<br>Droplets: 5"
1,5,14,0.5625,0.28125,20,Unit 21,#0d9488,circle,5,E14,"Unit 21<br>Grid site E14<br>Row 4, Column 13<br>Droplets: 5"
1,5,15,0.6041666666666666,0.28125,20,Unit 21,#0d9488,circle,5,E15,"Unit 21<br>Grid site E15<br>Row 4, Column 14<br>Droplets: 5"
1,5,16,0.6458333333333334,0.28125,20,Unit 21,#0d9488,circle,5,E16,"Unit 21<br>Grid site E16<br>Row 4, Column 15<br>Droplets: 5"
1,5,17,0.6875,0.28125,20,Unit 21,#0d9488,circle,5,E17,"Unit 21<br>Grid site E17<br>Row 4, Column 16<br>Droplets: 5"
1,6,14,0.5625,0.34375,20,Unit 21,#0d9488,circle,5,F14,"Unit 21<br>Grid site F14<br>Row 5, Column 13<br>Droplets: 5"
1,6,15,0.6041666666666666,0.34375,20,Unit 21,#0d9488,circle,5,F15,"Unit 21<br>Grid site F15<br>Row 5, Column 14<br>Droplets: 5"
1,6,16,0.6458333333333334,0.34375,20,Unit 21,#0d9488,circle,5,F16,"Unit 21<br>Grid site F16<br>Row 5, Column 15<br>Droplets: 5"
1,6,17,0.6875,0.34375,20,Unit 21,#0d9488,circle,5,F17,"Unit 21<br>Grid site F17<br>Row 5, Column 16<br>Droplets: 5"
1,7,15,0.6041666666666666,0.40625,20,Unit 21,#0d9488,circle,5,G15,"Unit 21<br>Grid site G15<br>Row 6, Column 14<br>Droplets: 5"
1,7,16,0.6458333333333334,0.40625,20,Unit 21,#0d9488,circle,5,G16,"Unit 21<br>Grid site G16<br>Row 6, Column 15<br>Droplets: 5"
1,4,15,0.6041666666666666,0.21875,21,Unit 22,#f59e0b,circle,5,D15,"Unit 22<br>Grid site D15<br>Row 3, Column 14<br>Droplets: 5"
1,4,16,0.6458333333333334,0.21875,21,Unit 22,#f59e0b,circle,5,D16,"Unit 22<br>Grid site D16<br>Row 3, Column 15<br>Droplets: 5"
1,4,17,0.6875,0.21875,21,Unit 22,#f59e0b,circle,5,D17,"Unit 22<br>Grid site D17<br>Row 3, Column 16<br>Droplets: 5"
1,5,14,0.5625,0.28125,21,Unit 22,#f59e0b,circle,5,E14,"Unit 22<br>Grid site E14<br>Row 4, Column 13<br>Droplets: 5"
1,5,15,0.6041666666666666,0.28125,21,Unit 22,#f59e0b,circle,5,E15,"Unit 22<br>Grid site E15<br>Row 4, Column 14<br>Droplets: 5"
1,5,16,0.6458333333333334,0.28125,21,Unit 22,#f59e0b,circle,5,E16,"Unit 22<br>Grid site E16<br>Row 4, Column 15<br>Droplets: 5"
1,5,17,0.6875,0.28125,21,Unit 22,#f59e0b,circle,5,E17,"Unit 22<br>Grid site E17<br>Row 4, Column 16<br>Droplets: 5"
1,5,18,0.7291666666666666,0.28125,21,Unit 22,#f59e0b,circle,5,E18,"Unit 22<br>Grid site E18<br>Row 4, Column 17<br>Droplets: 5"
1,6,15,0.6041666666666666,0.34375,21,Unit 22,#f59e0b,circle,5,F15,"Unit 22<br>Grid site F15<br>Row 5, Column 14<br>Droplets: 5"
1,6,16,0.6458333333333334,0.34375,21,Unit 22,#f59e0b,circle,5,F16,"Unit 22<br>Grid site F16<br>Row 5, Column 15<br>Droplets: 5"
1,6,17,0.6875,0.34375,21,Unit 22,#f59e0b,circle,5,F17,"Unit 22<br>Grid site F17<br>Row 5, Column 16<br>Droplets: 5"
1,6,18,0.7291666666666666,0.34375,21,Unit 22,#f59e0b,circle,5,F18,"Unit 22<br>Grid site F18<br>Row 5, Column 17<br>Droplets: 5"
1,4,16,0.6458333333333334,0.21875,22,Unit 23,#0d9488,circle,5,D16,"Unit 23<br>Grid site D16<br>Row 3, Column 15<br>Droplets: 5"
1,4,17,0.6875,0.21875,22,Unit 23,#0d9488,circle,5,D17,"Unit 23<br>Grid site D17<br>Row 3, Column 16<br>Droplets: 5"
1,4,18,0.7291666666666666,0.21875,22,Unit 23,#0d9488,circle,5,D18,"Unit 23<br>Grid site D18<br>Row 3, Column 17<br>Droplets: 5"
1,5,15,0.6041666666666666,0.28125,22,Unit 23,#0d9488,circle,5,E15,"Unit 23<br>Grid site E15<br>Row 4, Column 14<br>Droplets: 5"
1,5,16,0.6458333333333334,0.28125,22,Unit 23,#0d9488,circle,5,E16,"Unit 23<br>Grid site E16<br>Row 4, Column 15<br>Droplets: 5"
1,5,17,0.6875,0.28125,22,Unit 23,#0d9488,circle,5,E17,"Unit 23<br>Grid site E17<br>Row 4, Column 16<br>Droplets: 5"
1,5,18,0.7291666666666666,0.28125,22,Unit 23,#0d9488,circle,5,E18,"Unit 23<br>Grid site E18<br>Row 4, Column 17<br>Droplets: 5"
1,5,19,0.7708333333333334,0.28125,22,Unit 23,#0d9488,circle,5,E19,"Unit 23<br>Grid site E19<br>Row 4, Column 18<br>Droplets: 5"
1,6,15,0.6041666666666666,0.34375,22,Unit 23,#0d9488,circle,5,F15,"Unit 23<br>Grid site F15<br>Row 5, Column 14<br>Droplets: 5"
1,6,16,0.6458333333333334,0.34375,22,Unit 23,#0d9488,circle,5,F16,"Unit 23<br>Grid site F16<br>Row 5, Column 15<br>Droplets: 5"
1,6,17,0.6875,0.34375,22,Unit 23,#0d9488,circle,5,F17,"Unit 23<br>Grid site F17<br>Row 5, Column 16<br>Droplets: 5"
1,6,18,0.7291666666666666,0.34375,22,Unit 23,#0d9488,circle,5,F18,"Unit 23<br>Grid site F18<br>Row 5, Column 17<br>Droplets: 5"
1,6,19,0.7708333333333334,0.34375,22,Unit 23,#0d9488,circle,5,F19,"Unit 23<br>Grid site F19<br>Row 5, Column 18<br>Droplets: 5"
1,4,17,0.6875,0.21875,23,Unit 24,#f59e0b,circle,5,D17,"Unit 24<br>Grid site D17<br>Row 3, Column 16<br>Droplets: 5"
1,4,18,0.7291666666666666,0.21875,23,Unit 24,#f59e0b,circle,5,D18,"Unit 24<br>Grid site D18<br>Row 3, Column 17<br>Droplets: 5"
1,5,16,0.6458333333333334,0.28125,23,Unit 24,#f59e0b,circle,5,E16,"Unit 24<br>Grid site E16<br>Row 4, Column 15<br>Droplets: 5"
1,5,17,0.6875,0.28125,23,Unit 24,#f59e0b,circle,5,E17,"Unit 24<br>Grid site E17<br>Row 4, Column 16<br>Droplets: 5"
1,5,18,0.7291666666666666,0.28125,23,Unit 24,#f59e0b,circle,5,E18,"Unit 24<br>Grid site E18<br>Row 4, Column 17<br>Droplets: 5"
1,5,19,0.7708333333333334,0.28125,23,Unit 24,#f59e0b,circle,5,E19,"Unit 24<br>Grid site E19<br>Row 4, Column 18<br>Droplets: 5"
1,6,16,0.6458333333333334,0.34375,23,Unit 24,#f59e0b,circle,5,F16,"Unit 24<br>Grid site F16<br>Row 5, Column 15<br>Droplets: 5"
1,6,17,0.6875,0.34375,23,Unit 24,#f59e0b,circle,5,F17,"Unit 24<br>Grid site F17<br>Row 5, Column 16<br>Droplets: 5"
1,6,18,0.7291666666666666,0.34375,23,Unit 24,#f59e0b,circle,5,F18,"Unit 24<br>Grid site F18<br>Row 5, Column 17<br>Droplets: 5"
1,6,19,0.7708333333333334,0.34375,23,Unit 24,#f59e0b,circle,5,F19,"Unit 24<br>Grid site F19<br>Row 5, Column 18<br>Droplets: 5"
1,5,16,0.6458333333333334,0.28125,24,Unit 25,#0d9488,circle,5,E16,"Unit 25<br>Grid site E16<br>Row 4, Column 15<br>Droplets: 5"
1,5,17,0.6875,0.28125,24,Unit 25,#0d9488,circle,5,E17,"Unit 25<br>Grid site E17<br>Row 4, Column 16<br>Droplets: 5"
1,5,18,0.7291666666666666,0.28125,24,Unit 25,#0d9488,circle,5,E18,"Unit 25<br>Grid site E18<br>Row 4, Column 17<br>Droplets: 5"
1,5,19,0.7708333333333334,0.28125,24,Unit 25,#0d9488,circle,5,E19,"Unit 25<br>Grid site E19<br>Row 4, Column 18<br>Droplets: 5"
1,5,20,0.8125,0.28125,24,Unit 25,#0d9488,circle,5,E20,"Unit 25<br>Grid site E20<br>Row 4, Column 19<br>Droplets: 5"
1,6,16,0.6458333333333334,0.34375,24,Unit 25,#0d9488,circle,5,F16,"Unit 25<br>Grid site F16<br>Row 5, Column 15<br>Droplets: 5"
1,6,17,0.6875,0.34375,24,Unit 25,#0d9488,circle,5,F17,"Unit 25<br>Grid site F17<br>Row 5, Column 16<br>Droplets: 5"
1,6,18,0.7291666666666666,0.34375,24,Unit 25,#0d9488,circle,5,F18,"Unit 25<br>Grid site F18<br>Row 5, Column 17<br>Droplets: 5"
1,6,19,0.7708333333333334,0.34375,24,Unit 25,#0d9488,circle,5,F19,"Unit 25<br>Grid site F19<br>Row 5, Column 18<br>Droplets: 5"
1,6,20,0.8125,0.34375,24,Unit 25,#0d9488,circle,5,F20,"Unit 25<br>Grid site F20<br>Row 5, Column 19<br>Droplets: 5"
1,7,17,0.6875,0.40625,24,Unit 25,#0d9488,circle,5,G17,"Unit 25<br>Grid site G17<br>Row 6, Column 16<br>Droplets: 5"
1,7,18,0.7291666666666666,0.40625,24,Unit 25,#0d9488,circle,5,G18,"Unit 25<br>Grid site G18<br>Row 6, Column 17<br>Droplets: 5"
1,7,19,0.7708333333333334,0.40625,24,Unit 25,#0d9488,circle,5,G19,"Unit 25<br>Grid site G19<br>Row 6, Column 18<br>Droplets: 5"
1,5,17,0.6875,0.28125,25,Unit 26,#f59e0b,circle,5,E17,"Unit 26<br>Grid site E17<br>Row 4, Column 16<br>Droplets: 5"
1,5,18,0.7291666666666666,0.28125,25,Unit 26,#f59e0b,circle,5,E18,"Unit 26<br>Grid site E18<br>Row 4, Column 17<br>Droplets: 5"
1,5,19,0.7708333333333334,0.28125,25,Unit 26,#f59e0b,circle,5,E19,"Unit 26<br>Grid site E19<br>Row 4, Column 18<br>Droplets: 5"
1,5,20,0.8125,0.28125,25,Unit 26,#f59e0b,circle,5,E20,"Unit 26<br>Grid site E20<br>Row 4, Column 19<br>Droplets: 5"
1,6,17,0.6875,0.34375,25,Unit 26,#f59e0b,circle,5,F17,"Unit 26<br>Grid site F17<br>Row 5, Column 16<br>Droplets: 5"
1,6,18,0.7291666666666666,0.34375,25,Unit 26,#f59e0b,circle,5,F18,"Unit 26<br>Grid site F18<br>Row 5, Column 17<br>Droplets: 5"
1,6,19,0.7708333333333334,0.34375,25,Unit 26,#f59e0b,circle,5,F19,"Unit 26<br>Grid site F19<br>Row 5, Column 18<br>Droplets: 5"
1,6,20,0.8125,0.34375,25,Unit 26,#f59e0b,circle,5,F20,"Unit 26<br>Grid site F20<br>Row 5, Column 19<br>Droplets: 5"
1,7,17,0.6875,0.40625,25,Unit 26,#f59e0b,circle,5,G17,"Unit 26<br>Grid site G17<br>Row 6, Column 16<br>Droplets: 5"
1,7,18,0.7291666666666666,0.40625,25,Unit 26,#f59e0b,circle,5,G18,"Unit 26<br>Grid site G18<br>Row 6, Column 17<br>Droplets: 5"
1,7,19,0.7708333333333334,0.40625,25,Unit 26,#f59e0b,circle,5,G19,"Unit 26<br>Grid site G19<br>Row 6, Column 18<br>Droplets: 5"
1,7,20,0.8125,0.40625,25,Unit 26,#f59e0b,circle,5,G20,"Unit 26<br>Grid site G20<br>Row 6, Column 19<br>Droplets: 5"
1,5,19,0.7708333333333334,0.28125,26,Unit 27,#0d9488,circle,5,E19,"Unit 27<br>Grid site E19<br>Row 4, Column 18<br>Droplets: 5"
1,6,17,0.6875,0.34375,26,Unit 27,#0d9488,circle,5,F17,"Unit 27<br>Grid site F17<br>Row 5, Column 16<br>Droplets: 5"
1,6,18,0.7291666666666666,0.34375,26,Unit 27,#0d9488,circle,5,F18,"Unit 27<br>Grid site F18<br>Row 5, Column 17<br>Droplets: 5"
1,6,19,0.7708333333333334,0.34375,26,Unit 27,#0d9488,circle,5,F19,"Unit 27<br>Grid site F19<br>Row 5, Column 18<br>Droplets: 5"
1,6,20,0.8125,0.34375,26,Unit 27,#0d9488,circle,5,F20,"Unit 27<br>Grid site F20<br>Row 5, Column 19<br>Droplets: 5"
1,6,21,0.8541666666666666,0.34375,26,Unit 27,#0d9488,circle,5,F21,"Unit 27<br>Grid site F21<br>Row 5, Column 20<br>Droplets: 5"
1,7,17,0.6875,0.40625,26,Unit 27,#0d9488,circle,5,G17,"Unit 27<br>Grid site G17<br>Row 6, Column 16<br>Droplets: 5"
1,7,18,0.7291666666666666,0.40625,26,Unit 27,#0d9488,circle,5,G18,"Unit 27<br>Grid site G18<br>Row 6, Column 17<br>Droplets: 5"
1,7,19,0.7708333333333334,0.40625,26,Unit 27,#0d9488,circle,5,G19,"Unit 27<br>Grid site G19<br>Row 6, Column 18<br>Droplets: 5"
1,7,20,0.8125,0.40625,26,Unit 27,#0d9488,circle,5,G20,"Unit 27<br>Grid site G20<br>Row 6, Column 19<br>Droplets: 5"
1,7,21,0.8541666666666666,0.40625,26,Unit 27,#0d9488,circle,5,G21,"Unit 27<br>Grid site G21<br>Row 6, Column 20<br>Droplets: 5"
1,8,19,0.7708333333333334,0.46875,26,Unit 27,#0d9488,circle,5,H19,"Unit 27<br>Grid site H19<br>Row 7, Column 18<br>Droplets: 5"
1,8,20,0.8125,0.46875,26,Unit 27,#0d9488,circle,5,H20,"Unit 27<br>Grid site H20<br>Row 7, Column 19<br>Droplets: 5"
1,6,19,0.7708333333333334,0.34375,27,Unit 28,#f59e0b,circle,5,F19,"Unit 28<br>Grid site F19<br>Row 5, Column 18<br>Droplets: 5"
1,6,20,0.8125,0.34375,27,Unit 28,#f59e0b,circle,5,F20,"Unit 28<br>Grid site F20<br>Row 5, Column 19<br>Droplets: 5"
1,6,21,0.8541666666666666,0.34375,27,Unit 28,#f59e0b,circle,5,F21,"Unit 28<br>Grid site F21<br>Row 5, Column 20<br>Droplets: 5"
1,7,18,0.7291666666666666,0.40625,27,Unit 28,#f59e0b,circle,5,G18,"Unit 28<br>Grid site G18<br>Row 6, Column 17<br>Droplets: 5"
1,7,19,0.7708333333333334,0.40625,27,Unit 28,#f59e0b,circle,5,G19,"Unit 28<br>Grid site G19<br>Row 6, Column 18<br>Droplets: 5"
1,7,20,0.8125,0.40625,27,Unit 28,#f59e0b,circle,5,G20,"Unit 28<br>Grid site G20<br>Row 6, Column 19<br>Droplets: 5"
1,7,21,0.8541666666666666,0.40625,27,Unit 28,#f59e0b,circle,5,G21,"Unit 28<br>Grid site G21<br>Row 6, Column 20<br>Droplets: 5"
1,7,22,0.8958333333333334,0.40625,27,Unit 28,#f59e0b,circle,5,G22,"Unit 28<br>Grid site G22<br>Row 6, Column 21<br>Droplets: 5"
1,8,18,0.7291666666666666,0.46875,27,Unit 28,#f59e0b,circle,5,H18,"Unit 28<br>Grid site H18<br>Row 7, Column 17<br>Droplets: 5"
1,8,19,0.7708333333333334,0.46875,27,Unit 28,#f59e0b,circle,5,H19,"Unit 28<br>Grid site H19<br>Row 7, Column 18<br>Droplets: 5"
1,8,20,0.8125,0.46875,27,Unit 28,#f59e0b,circle,5,H20,"Unit 28<br>Grid site H20<br>Row 7, Column 19<br>Droplets: 5"
1,8,21,0.8541666666666666,0.46875,27,Unit 28,#f59e0b,circle,5,H21,"Unit 28<br>Grid site H21<br>Row 7, Column 20<br>Droplets: 5"
1,7,19,0.7708333333333334,0.40625,28,Unit 29,#0d9488,circle,5,G19,"Unit 29<br>Grid site G19<br>Row 6, Column 18<br>Droplets: 5"
1,7,20,0.8125,0.40625,28,Unit 29,#0d9488,circle,5,G20,"Unit 29<br>Grid site G20<br>Row 6, Column 19<br>Droplets: 5"
1,7,21,0.8541666666666666,0.40625,28,Unit 29,#0d9488,circle,5,G21,"Unit 29<br>Grid site G21<br>Row 6, Column 20<br>Droplets: 5"
1,7,22,0.8958333333333334,0.40625,28,Unit 29,#0d9488,circle,5,G22,"Unit 29<br>Grid site G22<br>Row 6, Column 21<br>Droplets: 5"
1,8,18,0.7291666666666666,0.46875,28,Unit 29,#0d9488,circle,5,H18,"Unit 29<br>Grid site H18<br>Row 7, Column 17<br>Droplets: 5"
1,8,19,0.7708333333333334,0.46875,28,Unit 29,#0d9488,circle,5,H19,"Unit 29<br>Grid site H19<br>Row 7, Column 18<br>Droplets: 5"
1,8,20,0.8125,0.46875,28,Unit 29,#0d9488,circle,5,H20,"Unit 29<br>Grid site H20<br>Row 7, Column 19<br>Droplets: 5"
1,8,21,0.8541666666666666,0.46875,28,Unit 29,#0d9488,circle,5,H21,"Unit 29<br>Grid site H21<br>Row 7, Column 20<br>Droplets: 5"
1,8,22,0.8958333333333334,0.46875,28,Unit 29,#0d9488,circle,5,H22,"Unit 29<br>Grid site H22<br>Row 7, Column 21<br>Droplets: 5"
1,9,19,0.7708333333333334,0.53125,28,Unit 29,#0d9488,circle,5,I19,"Unit 29<br>Grid site I19<br>Row 8, Column 18<br>Droplets: 5"
1,9,20,0.8125,0.53125,28,Unit 29,#0d9488,circle,5,I20,"Unit 29<br>Grid site I20<br>Row 8, Column 19<br>Droplets: 5"
1,9,21,0.8541666666666666,0.53125,28,Unit 29,#0d9488,circle,5,I21,"Unit 29<br>Grid site I21<br>Row 8, Column 20<br>Droplets: 5"
1,7,21,0.8541666666666666,0.40625,29,Unit 30,#f59e0b,circle,5,G21,"Unit 30<br>Grid site G21<br>Row 6, Column 20<br>Droplets: 5"
1,8,19,0.7708333333333334,0.46875,29,Unit 30,#f59e0b,circle,5,H19,"Unit 30<br>Grid site H19<br>Row 7, Column 18<br>Droplets: 5"
1,8,20,0.8125,0.46875,29,Unit 30,#f59e0b,circle,5,H20,"Unit 30<br>Grid site H20<br>Row 7, Column 19<br>Droplets: 5"
1,8,21,0.8541666666666666,0.46875,29,Unit 30,#f59e0b,circle,5,H21,"Unit 30<br>Grid site H21<br>Row 7, Column 20<br>Droplets: 5"
1,8,22,0.8958333333333334,0.46875,29,Unit 30,#f59e0b,circle,5,H22,"Unit 30<br>Grid site H22<br>Row 7, Column 21<br>Droplets: 5"
1,8,23,0.9375,0.46875,29,Unit 30,#f59e0b,circle,5,H23,"Unit 30<br>Grid site H23<br>Row 7, Column 22<br>Droplets: 5"
1,9,19,0.7708333333333334,0.53125,29,Unit 30,#f59e0b,circle,5,I19,"Unit 30<br>Grid site I19<br>Row 8, Column 18<br>Droplets: 5"
1,9,20,0.8125,0.53125,29,Unit 30,#f59e0b,circle,5,I20,"Unit 30<br>Grid site I20<br>Row 8, Column 19<br>Droplets: 5"
1,9,21,0.8541666666666666,0.53125,29,Unit 30,#f59e0b,circle,5,I21,"Unit 30<br>Grid site I21<br>Row 8, Column 20<br>Droplets: 5"
1,9,22,0.8958333333333334,0.53125,29,Unit 30,#f59e0b,circle,5,I22,"Unit 30<br>Grid site I22<br>Row 8, Column 21<br>Droplets: 5"
1,9,23,0.9375,0.53125,29,Unit 30,#f59e0b,circle,5,I23,"Unit 30<br>Grid site I23<br>Row 8, Column 22<br>Droplets: 5"
1,10,21,0.8541666666666666,0.59375,29,Unit 30,#f59e0b,circle,5,J21,"Unit 30<br>Grid site J21<br>Row 9, Column 20<br>Droplets: 5"
